company,year,title,url,filename
Vestas Wind Systems,2025,Vestas Annual Report 2025,https://www.vestas.com/content/dam/vestas-com/global/en/investor/reports-and-presentations/financial/2025/fy-2025/Vestas%20Annual%20Report%202025.pdf.coredownload.inline.pdf,vestas_2025.pdf
Orsted,2025,Annual Report 2025,https://cdn.orsted.com/-/media/annual-2025/annual-report-2025.pdf?rev=34ff0f324dc1429bac1bc84382c30a9d,orsted_2025.pdf
Xylem,2025,xylem-2025-sustainability-report,https://amp.xylem.com/asset/c390be98-aab5-4266-8926-acb22a415938/Xylem-2025-Sustainability-Report.pdf,xylem_2025.pdf
Veolia Environnement,2025,veolia-integrated-annual-report-2025,https://www.veolia.com/sites/g/files/dvc4206/files/document/2026/04/veolia-integrated-annual-report-2025.pdf,veolia_2025.pdf
Novo Nordisk,2025,Novo Nordisk Annual Report 2025,https://annualreport.novonordisk.com/2025/_assets/downloads/novo-nordisk-annual-report-2025.pdf?h=9UdfHgQ-,novo-nordisk_2025.pdf
Roche,2025,Roche Annual Report 2025,https://assets.roche.com/f/176343/x/fa3c863601/ar25e.pdf,roche_2025.pdf
Novonesis,2025,Novonesis_Annual_Report_2025,https://media.novonesis.com/Novonesis_Annual_Report_2025.pdf,novonesis_2025.pdf
Schneider Electric,2025,2025 Sustainability Report,https://download.se.com/files?p_Doc_Ref=2025_Sustainability_Report&p_enDocType=Institutional+Document&p_File_Name=2025+Sustainability+Report.pdf,schneider_2025.pdf
Siemens,2025,sustainability-statement,https://static.sw.cdn.siemens.com/siemens-disw-assets/public/2atz6iRXH3AVv3VgksCvmX/en-US/sustainability-statement.pdf,siemens_2025.pdf
ABB,2025,ABB Sustainability Statement 2025,https://library.e.abb.com/public/ea4348e21dce4e8490929414bb7c9ef3/ABB%20Sustainability%20Statement%202025.pdf?x-sign=sMB8tIKJd91lOSqghzP0fbq0pl8PifbBeIe8ytFVmmgKD2wr2BeOg8ipsSBGSPKf,abb_2025.pdf
Nestle,2025,Non-Financial Statement 2025,https://www.nestle.com/sites/default/files/2026-02/non-financial-statement-2025.pdf,nestle_2025.pdf
Danone,2025,danoneiar2025,https://www.danone.com/content/dam/corp/global/danonecom/investors/en-sustainability/reports-and-data/cross-topic/danoneiar2025.pdf.coredownload.pdf,danone_2025.pdf
Geberit,2025,geberit-ar25-en-entire,https://reports.geberit.com/annual-report/2025/_assets/downloads/geberit-ar25-en-entire.pdf,geberit_2025.pdf
Unilever,2025,Unilever Sustainability Statement 2025,https://www.unilever.com/files/unilever-sustainability-statement.pdf,unilever_2025.pdf
Shell,2025,Shell AR 2026 - Integrated Annual & Sustainability Report,https://www.shell.com/investors/results-and-reporting/annual-report/_jcr_content/root/main/section/promo.multi.stream/1779352356739/36306d968747b6079d3f800b2b1552a033856b5d/shell-integrated-annual-and-sustainability-report.pdf,shell_2025.pdf
ExxonMobil,2025,Sustainability Report 2025,https://corporate.exxonmobil.com/-/media/global/files/sustainability-report/2024/sustainability-report.pdf,exxonmobil_2025.pdf
LVMH,2025,2025 Social and Environmental Responsibility Report,https://www.lvmh.com/en/news-lvmh/lvmh-publishes-its-2025-social-and-environmental-responsibility-report,lvmh_2025.pdf
Philip Morris International,2025,pmi-sustainability-materiality-report-2025,https://www.pmi.com/content/dam/pmicom/global/docs/pmi-sustainability/pmi-sustainability-materiality-report-2025.pdf,pmi_2025.pdf
Richemont,2025,Richemont Non-Financial Report 2025,https://www.richemont.com/media/3vwfatyf/richemont-non-financial-report-2025.pdf,richemont_2025.pdf
Ryanair,2025,Ryanair-2025-Annual-Report.pdf,https://investor.ryanair.com/wp-content/uploads/2025/05/Ryanair-2025-Annual-Report.pdf,ryanair_2025.pdf
